"plan_id","totalpensionliability","netpensionliability","year"
1,1.69771E+7,5.80001E+6,"2016"
1,1.73907E+7,5.26827E+6,"2017"
1,1.78621E+7,5.14176E+6,"2018"
1,1.83539E+7,5.78542E+6,"2019"
1,1.9707E+7,6.55643E+6,"2020"
1,2.1064E+7,5.58449E+6,"2021"
2,3.37623E+7,1.0826E+7,"2016"
2,3.44799E+7,9.82848E+6,"2017"
2,3.5878E+7,9.94258E+6,"2018"
2,3.66764E+7,1.10569E+7,"2019"
2,3.8316E+7,1.23696E+7,"2020"
2,3.99822E+7,9.42032E+6,"2021"
10,2.02226E+6,1.04046E+6,"2016"
10,1.74521E+6,707126,"2017"
10,1.78304E+6,727620,"2018"
10,1.97374E+6,930864,"2019"
10,2.22777E+6,1.23377E+6,"2020"
24,7.22554E+6,2.28334E+6,"2016"
24,7.33891E+6,2.02661E+6,"2017"
24,7.38706E+6,1.91433E+6,"2018"
24,7.38047E+6,1.86854E+6,"2019"
24,7.47792E+6,2.03312E+6,"2020"
24,7.52745E+6,795973,"2021"
25,1.38173E+7,5.5896E+6,"2016"
25,1.41126E+7,5.16944E+6,"2017"
25,1.42757E+7,4.96903E+6,"2018"
25,1.49636E+7,5.47423E+6,"2019"
25,1.53703E+7,5.90118E+6,"2020"
25,1.55808E+7,3.6685E+6,"2021"
29,393457,75382.9,"2016"
29,426959,148671,"2017"
29,422210,70263.6,"2018"
29,436930,50351.8,"2019"
29,445358,51823.1,"2020"
31,4.90008E+7,1.6141E+7,"2016"
31,5.17808E+7,1.55781E+7,"2017"
31,5.24384E+7,1.39465E+7,"2018"
31,5.43763E+7,1.45512E+7,"2019"
31,5.64941E+7,1.73265E+7,"2020"
31,6.13418E+7,1.31396E+7,"2021"
44,3.98414E+6,1.83272E+6,"2016"
44,4.12945E+6,1.77584E+6,"2017"
44,4.22605E+6,1.67153E+6,"2018"
44,4.40182E+6,1.74169E+6,"2019"
44,4.41411E+6,1.73294E+6,"2020"
44,4.5418E+6,1.10377E+6,"2021"
52,1.03069E+6,303912,"2016"
52,1.03669E+6,246744,"2017"
52,1.05399E+6,230354,"2018"
52,1.12949E+6,292909,"2019"
52,1.14893E+6,315759,"2020"
52,1.18207E+6,168689,"2021"
90,9.76211E+6,2.39135E+6,"2016"
90,1.06129E+7,2.58414E+6,"2017"
90,1.08087E+7,2.20594E+6,"2018"
90,1.12459E+7,2.41253E+6,"2019"
90,1.16326E+7,2.86358E+6,"2020"
90,1.19543E+7,768832,"2021"
91,1.897E+7,4.41144E+6,"2016"
91,2.04887E+7,4.20386E+6,"2017"
91,2.11316E+7,3.63896E+6,"2018"
91,2.1913E+7,4.17136E+6,"2019"
91,2.2563E+7,5.66088E+6,"2020"
91,2.42376E+7,2.76884E+6,"2021"
191,122148,67737.3,"2016"
191,115843,62281.9,"2017"
191,115843,57805.6,"2018"
191,100465,50364.1,"2019"
226,2.69994E+8,8.0881E+7,"2016"
226,3.02769E+8,9.248E+7,"2017"
226,3.16776E+8,9.1907E+7,"2018"
226,3.29178E+8,9.0316E+7,"2019"
226,3.43893E+8,9.6909E+7,"2020"
226,3.55801E+8,4.5508E+7,"2021"
230,6.92308E+7,1.50662E+7,"2016"
230,7.28268E+7,1.07126E+7,"2017"
230,7.65464E+7,9.77286E+6,"2018"
230,8.84046E+7,1.81256E+7,"2019"
230,9.26254E+7,2.17091E+7,"2020"
230,9.76639E+7,5.91406E+6,"2021"
232,8.41098E+6,2.24319E+6,"2016"
232,9.1239E+6,2.01368E+6,"2017"
232,9.53515E+6,2.764E+6,"2018"
232,9.95979E+6,2.14069E+6,"2019"
232,1.06393E+7,2.19442E+6,"2020"
232,1.10095E+7,792287,"2021"
233,8.83898E+6,1.40046E+6,"2016"
233,9.20202E+6,811437,"2017"
233,9.57803E+6,1.42804E+6,"2018"
233,1.01211E+7,864085,"2019"
233,1.05317E+7,461450,"2020"
233,1.12108E+7,-242952,"2021"
236,5.98523E+6,2.41364E+6,"2016"
236,6.32687E+6,2.36398E+6,"2017"
236,6.52966E+6,2.3308E+6,"2018"
236,6.72828E+6,2.3825E+6,"2019"
236,7.1007E+6,2.6619E+6,"2020"
236,7.3069E+6,1.88938E+6,"2021"
237,5.85285E+7,1.06818E+7,"2016"
237,6.40317E+7,1.1288E+7,"2017"
237,6.70572E+7,1.07572E+7,"2018"
237,7.03092E+7,1.20144E+7,"2019"
237,7.65796E+7,1.80692E+7,"2020"
237,8.03039E+7,7.29188E+6,"2021"
241,1.80004E+7,5.19122E+6,"2016"
241,1.9754E+7,4.9521E+6,"2017"
241,2.06789E+7,6.1972E+6,"2018"
241,2.17543E+7,5.07568E+6,"2019"
241,2.30104E+7,4.21325E+6,"2020"
241,2.39724E+7,2.05024E+6,"2021"
242,9.43609E+6,1.75522E+6,"2016"
242,1.0681E+7,2.09677E+6,"2017"
242,1.12133E+7,1.96133E+6,"2018"
242,1.18955E+7,2.07383E+6,"2019"
242,1.26937E+7,2.71428E+6,"2020"
242,1.33097E+7,745557,"2021"
244,1.45593E+7,4.298E+6,"2016"
244,1.50841E+7,3.687E+6,"2017"
244,1.56722E+7,3.39773E+6,"2018"
244,1.6906E+7,4.04309E+6,"2019"
244,1.77239E+7,4.81489E+6,"2020"
244,1.85215E+7,2.39518E+6,"2021"
258,1.22892E+7,2.19183E+6,"2016"
258,1.26571E+7,1.3432E+6,"2017"
258,1.31875E+7,910457,"2018"
258,1.3812E+7,824870,"2019"
258,1.44654E+7,1.11165E+6,"2020"
258,1.50088E+7,-1.65864E+6,"2021"
259,1.7425E+7,5.61567E+6,"2016"
259,1.84582E+7,5.27767E+6,"2017"
259,1.99446E+7,5.70935E+6,"2018"
259,2.07934E+7,5.97783E+6,"2019"
259,2.25272E+7,7.59479E+6,"2020"
259,2.32819E+7,4.36376E+6,"2021"
260,1.95654E+7,2.46113E+6,"2016"
260,2.0814E+7,1.81564E+6,"2017"
260,2.17368E+7,125427,"2018"
260,2.30005E+7,1.7383E+6,"2019"
260,2.39697E+7,2.57278E+6,"2020"
260,2.51608E+7,-2.70153E+6,"2021"
268,9.60921E+6,2.8013E+6,"2016"
268,1.0236E+7,2.66729E+6,"2017"
268,1.08374E+7,2.76218E+6,"2018"
268,1.0705E+7,2.80527E+6,"2019"
268,1.20135E+7,3.7079E+6,"2020"
268,1.23797E+7,2.09815E+6,"2021"
269,2.59673E+7,5.81278E+6,"2016"
269,2.74037E+7,4.99336E+6,"2017"
269,2.88407E+7,4.28271E+6,"2018"
269,3.05553E+7,4.47664E+6,"2019"
269,3.2031E+7,5.4108E+6,"2020"
269,3.30888E+7,2.58507E+6,"2021"
284,3.19943E+7,1.83681E+7,"2016"
284,3.52417E+7,2.0018E+7,"2017"
284,2.53451E+7,1.13787E+7,"2018"
284,2.56967E+7,9.7038E+6,"2019"
284,2.73647E+7,9.48479E+6,"2020"
284,2.73606E+7,7.37504E+6,"2021"
285,5.23549E+7,2.97739E+7,"2016"
285,5.76992E+7,3.23364E+7,"2017"
285,4.11846E+7,1.77071E+7,"2018"
285,4.21112E+7,1.49398E+7,"2019"
285,4.57922E+7,1.5118E+7,"2020"
285,4.62921E+7,1.16374E+7,"2021"
287,5.12385E+6,1.35034E+6,"2016"
287,5.39652E+6,1.11343E+6,"2017"
287,5.2286E+6,1.25721E+6,"2018"
287,5.32435E+6,731391,"2019"
287,5.71576E+6,521127,"2020"
287,5.75838E+6,-85737,"2021"
288,4.22145E+6,1.09547E+6,"2016"
288,4.37455E+6,896510,"2017"
288,4.20734E+6,1.0229E+6,"2018"
288,4.31527E+6,658844,"2019"
288,4.53976E+6,432182,"2020"
288,4.6397E+6,5971,"2021"
308,3.23107E+6,1.21941E+6,"2016"
308,3.39821E+6,1.17278E+6,"2017"
308,3.57133E+6,1.50865E+6,"2018"
308,3.71362E+6,1.45514E+6,"2019"
308,3.92323E+6,1.55655E+6,"2020"
308,4.02271E+6,1.35767E+6,"2021"
317,2.98399E+7,1.42451E+7,"2016"
317,3.06366E+7,1.35023E+7,"2017"
317,3.11109E+7,1.31641E+7,"2018"
317,3.55662E+7,1.70727E+7,"2019"
317,3.7128E+7,1.88461E+7,"2020"
317,3.7128E+7,1.88461E+7,"2021"
318,3.36167E+7,2.29629E+7,"2016"
318,3.30527E+7,2.10709E+7,"2017"
318,3.42142E+7,2.16866E+7,"2018"
318,3.60879E+7,2.28122E+7,"2019"
318,3.69711E+7,2.37216E+7,"2020"
318,3.83444E+7,2.12638E+7,"2021"
319,2.84032E+6,332669,"2016"
319,2.98198E+6,248200,"2017"
319,3.62247E+6,956443,"2018"
319,3.78083E+6,1.03259E+6,"2019"
319,3.8616E+6,1.11305E+6,"2020"
319,4.0778E+6,710001,"2021"
327,1.38962E+6,390004,"2016"
327,1.44239E+6,401630,"2017"
327,1.45309E+6,409216,"2018"
327,1.48443E+6,435175,"2019"
327,1.5112E+6,500469,"2020"
327,1.60136E+6,401502,"2021"
370,9.48448E+6,1.50694E+6,"2016"
370,9.97984E+6,1.46601E+6,"2017"
370,1.03199E+7,1.29146E+6,"2018"
370,1.06739E+7,1.55736E+6,"2019"
370,1.10446E+7,1.40575E+6,"2020"
370,1.16325E+7,-1.2186E+6,"2021"
375,45488,6196,"2016"
375,52353,6479,"2017"
375,56269,3147,"2018"
375,63117,4581,"2019"
375,69593,2123,"2020"
375,75987,-20945,"2021"
379,583995,183974,"2016"
379,589509,163782,"2017"
379,601113,155145,"2018"
379,646646,192492,"2019"
379,660732,203649,"2020"
379,709029,156672,"2021"
390,4.67556E+6,-279069,"2016"
390,4.95734E+6,-727102,"2017"
390,5.26587E+6,-757896,"2018"
390,5.60457E+6,-651790,"2019"
390,6.02384E+6,-596347,"2020"
390,6.18161E+6,-1.81038E+6,"2021"
391,2.06414E+6,242189,"2016"
391,2.16035E+6,89748,"2017"
391,2.26187E+6,85761,"2018"
391,2.49429E+6,229809,"2019"
391,2.6408E+6,229413,"2020"
391,2.69862E+6,-246266,"2021"
397,1.67031E+8,2.52501E+7,"2016"
397,1.83633E+8,2.95793E+7,"2017"
397,1.91317E+8,3.01205E+7,"2018"
397,1.98012E+8,3.44386E+7,"2019"
397,2.0491E+8,4.33415E+7,"2020"
397,2.09636E+8,7.55386E+6,"2021"
420,2.22255E+6,522449,"2016"
420,2.36528E+6,632752,"2017"
420,2.12092E+6,554242,"2018"
420,2.22966E+6,668448,"2019"
420,2.22723E+6,661102,"2020"
420,2.47796E+6,694194,"2021"
423,2.717E+6,977000,"2016"
423,2.903E+6,1.074E+6,"2017"
423,3.041E+6,1.021E+6,"2018"
423,3.28631E+6,1.112E+6,"2019"
423,3.3897E+6,138424,"2020"
423,3.52943E+6,1.22977E+6,"2021"
424,3.34552E+6,1.83212E+6,"2016"
424,3.73661E+6,1.97145E+6,"2017"
424,3.88007E+6,1.99907E+6,"2018"
424,4.03422E+6,2.13541E+6,"2019"
424,4.25353E+6,2.23346E+6,"2020"
424,4.59679E+6,2.11377E+6,"2021"
463,1.71039E+7,4.73037E+6,"2016"
463,1.71596E+7,4.06134E+6,"2017"
463,1.76282E+7,4.11103E+6,"2018"
463,1.7744E+7,4.12653E+6,"2019"
463,1.77172E+7,4.21496E+6,"2020"
463,1.88868E+7,2.3389E+6,"2021"
466,8.61835E+7,2.06311E+7,"2016"
466,8.99263E+7,1.85853E+7,"2017"
466,9.40951E+7,1.85621E+7,"2018"
466,1.00292E+8,2.15027E+7,"2019"
466,1.05385E+8,2.42239E+7,"2020"
466,1.10991E+8,8.84433E+6,"2021"
488,1.31784E+6,367425,"2016"
488,1.39414E+6,342464,"2017"
488,1.43966E+6,309275,"2018"
488,1.47228E+6,309133,"2019"
488,1.52496E+6,374478,"2020"
488,1.66765E+6,166025,"2021"
489,1.29491E+6,311522,"2016"
489,897095,227587,"2017"
489,937070,218937,"2018"
489,971323,243979,"2019"
489,990698,274280,"2020"
489,990698,274280,"2021"
490,1.91558E+6,792791,"2016"
490,1.94175E+6,712332,"2017"
490,1.87296E+6,571976,"2018"
490,1.89511E+6,561252,"2019"
490,1.87296E+6,571976,"2020"
490,1.92006E+6,602267,"2021"
500,2.74392E+7,1.33693E+7,"2016"
500,2.86486E+7,1.29503E+7,"2017"
500,2.99174E+7,1.3319E+7,"2018"
500,3.13964E+7,1.41694E+7,"2019"
500,3.26918E+7,1.53063E+7,"2020"
502,1.59113E+7,2.02715E+6,"2016"
502,1.68685E+7,1.57183E+6,"2017"
502,1.77498E+7,1.47502E+6,"2018"
502,1.83809E+7,1.14147E+6,"2019"
502,1.97142E+7,2.32213E+6,"2020"
502,2.16917E+7,-78978,"2021"
507,4.91839E+7,3.41454E+7,"2016"
507,4.94372E+7,3.2907E+7,"2017"
507,5.05197E+7,3.30564E+7,"2018"
507,5.18859E+7,3.3394E+7,"2019"
507,5.4066E+7,3.48687E+7,"2020"
507,5.69841E+7,3.31007E+7,"2021"
510,1.24187E+8,7.8936E+7,"2016"
510,1.25774E+8,7.63981E+7,"2017"
510,1.29914E+8,7.79448E+7,"2018"
510,1.34371E+8,8.11082E+7,"2019"
510,1.38532E+8,8.62153E+7,"2020"
510,1.42224E+8,7.80113E+7,"2021"
511,4.29709E+7,2.59653E+7,"2016"
511,4.39659E+7,2.54811E+7,"2017"
511,4.68156E+7,2.74946E+7,"2018"
511,4.84374E+7,2.87201E+7,"2019"
511,5.02365E+7,3.06195E+7,"2020"
511,5.22968E+7,2.85285E+7,"2021"
513,2.32402E+7,1.41245E+7,"2016"
513,2.29408E+7,1.25329E+7,"2017"
513,2.17232E+7,1.18612E+7,"2018"
513,2.50719E+7,1.3581E+7,"2019"
513,2.76345E+7,1.49849E+7,"2020"
513,2.51188E+7,1.08373E+7,"2021"
517,5.14926E+6,4.13024E+6,"2016"
517,5.74615E+6,4.62E+6,"2017"
517,6.25236E+6,5.21657E+6,"2018"
517,6.54249E+6,5.39267E+6,"2019"
517,6.90113E+6,5.59224E+6,"2020"
517,7.00491E+6,5.53851E+6,"2021"
518,2.32913E+7,1.8855E+7,"2016"
518,1.62824E+7,1.17284E+7,"2017"
518,1.68086E+7,1.28944E+7,"2018"
518,1.72604E+7,1.31797E+7,"2019"
518,1.78148E+7,1.37246E+7,"2020"
518,1.84016E+7,1.40933E+7,"2021"
519,3.69365E+6,2.5259E+6,"2016"
519,2.63011E+6,1.36255E+6,"2017"
519,2.6934E+6,1.59872E+6,"2018"
519,2.77565E+6,1.5881E+6,"2019"
519,2.85833E+6,1.58859E+6,"2020"
519,2.90552E+6,1.57142E+6,"2021"
520,1.31131E+7,1.02481E+7,"2016"
520,1.34545E+7,1.03324E+7,"2017"
520,1.33133E+7,1.04081E+7,"2018"
520,1.47896E+7,1.16272E+7,"2019"
520,1.54947E+7,1.20528E+7,"2020"
520,1.634E+7,1.24933E+7,"2021"
581,2.11247E+7,1.10316E+7,"2016"
581,2.31756E+7,1.23824E+7,"2017"
581,2.45475E+7,1.34427E+7,"2018"
581,2.51662E+7,1.41273E+7,"2019"
581,2.63779E+7,1.54408E+7,"2020"
581,2.81005E+7,1.47274E+7,"2021"
583,1.84089E+7,4.53844E+6,"2016"
583,1.91062E+7,4.46154E+6,"2017"
583,1.60914E+7,3.39704E+6,"2018"
583,1.65761E+7,3.50506E+6,"2019"
583,1.62818E+7,3.02039E+6,"2020"
583,1.75632E+7,1.31585E+6,"2021"
778,3.46197E+7,6.29332E+6,"2016"
778,3.74404E+7,6.66127E+6,"2017"
778,3.86428E+7,6.32824E+6,"2018"
778,3.98013E+7,5.79066E+6,"2019"
778,4.10724E+7,7.02474E+6,"2020"
778,4.25446E+7,-345227,"2021"
781,2.86781E+6,625261,"2016"
781,3.02337E+6,586475,"2017"
781,3.14503E+6,595404,"2018"
781,3.26905E+6,655927,"2019"
781,3.39035E+6,797600,"2020"
781,3.51818E+6,224574,"2021"
788,56043.8,7063.94,"2016"
788,57887.9,4001.56,"2017"
788,58116.7,8818.15,"2018"
788,60150.4,4069.77,"2019"
788,62882.3,1824.13,"2020"
788,63385.6,-477.996,"2021"
790,2.64105E+7,9.2181E+6,"2016"
790,2.77625E+7,9.12863E+6,"2017"
790,2.85967E+7,8.90051E+6,"2018"
790,2.95487E+7,8.90063E+6,"2019"
790,3.10804E+7,1.04736E+7,"2020"
790,3.3054E+7,7.79945E+6,"2021"
800,610111,60324.2,"2016"
800,625461,10683.4,"2017"
800,671666,124974,"2018"
800,668662,50769.6,"2019"
800,680820,13791.1,"2020"
800,710297,-18420.6,"2021"
801,670428,56380.4,"2016"
801,698423,339.362,"2017"
801,766456,132402,"2018"
801,780247,49171.7,"2019"
801,807560,1810.28,"2020"
801,867789,-30907.7,"2021"
805,4.77369E+7,3.09241E+7,"2016"
805,4.69668E+7,2.82591E+7,"2017"
805,3.37086E+7,1.37269E+7,"2018"
805,3.46668E+7,1.42949E+7,"2019"
805,3.5552E+7,1.4835E+7,"2020"
805,3.95416E+7,1.36058E+7,"2021"
808,1.47911E+7,6.63955E+6,"2016"
808,1.69957E+7,8.09059E+6,"2017"
808,1.78761E+7,8.50876E+6,"2018"
808,1.9369E+7,9.79534E+6,"2019"
808,2.0092E+7,1.06849E+7,"2020"
808,2.0518E+7,9.03794E+6,"2021"
809,1.42993E+7,1.17911E+7,"2016"
809,1.65438E+7,1.38854E+7,"2017"
809,1.67588E+7,1.41089E+7,"2018"
809,1.75839E+7,1.46693E+7,"2019"
809,1.77238E+7,1.47253E+7,"2020"
809,1.76474E+7,1.37626E+7,"2021"
813,814146,194245,"2016"
813,903199,208016,"2017"
813,976759,231588,"2018"
813,1.03349E+6,266712,"2019"
813,1.14004E+6,349635,"2020"
825,1.30784E+6,492762,"2016"
825,1.35239E+6,504865,"2017"
825,1.39416E+6,498651,"2018"
825,1.44128E+6,505347,"2019"
825,1.48721E+6,522964,"2020"
825,1.53155E+6,336081,"2021"
827,2.52216E+6,754347,"2016"
827,2.56263E+6,639927,"2017"
827,2.64125E+6,668137,"2018"
827,2.64045E+6,700062,"2019"
827,2.64908E+6,803457,"2020"
827,2.71837E+6,475317,"2021"
828,1.85763E+7,7.85255E+6,"2016"
828,1.87921E+7,7.03883E+6,"2017"
828,1.91036E+7,6.81993E+6,"2018"
828,1.95276E+7,7.24491E+6,"2019"
828,1.96914E+7,8.27067E+6,"2020"
828,2.02203E+7,5.50398E+6,"2021"
829,3.80862E+6,218942,"2016"
829,4.06781E+6,-86806.7,"2017"
829,4.31961E+6,470852,"2018"
829,4.45015E+6,-2527.17,"2019"
829,4.76564E+6,-201014,"2020"
829,4.8985E+6,-526924,"2021"
831,2.76014E+6,937282,"2016"
831,2.91806E+6,873042,"2017"
831,3.00718E+6,845406,"2018"
831,3.13245E+6,908168,"2019"
831,3.18097E+6,924233,"2020"
831,3.35003E+6,533055,"2021"
832,2.92724E+7,1.1737E+7,"2016"
832,2.97626E+7,1.02519E+7,"2017"
832,3.08719E+7,9.82802E+6,"2018"
832,3.15741E+7,9.92465E+6,"2019"
832,3.23409E+7,1.11236E+7,"2020"
832,3.30588E+7,5.33877E+6,"2021"
840,1.65462E+6,594250,"2016"
840,1.71635E+6,535435,"2017"
840,1.80452E+6,733432,"2018"
840,1.8225E+6,629311,"2019"
840,1.87207E+6,584399,"2020"
840,1.9297E+6,514231,"2021"
841,609080,255470,"2016"
841,629766,237939,"2017"
841,658353,292615,"2018"
841,723145,304174,"2019"
841,746340,285698,"2020"
844,1.307E+7,3.10962E+6,"2016"
844,1.34849E+7,2.59159E+6,"2017"
844,1.40312E+7,2.399E+6,"2018"
844,1.45472E+7,2.51166E+6,"2019"
844,1.48655E+7,2.82054E+6,"2020"
844,1.63924E+7,1.49171E+6,"2021"
845,2.43468E+7,9.01535E+6,"2016"
845,2.47943E+7,8.25363E+6,"2017"
845,2.55301E+7,8.07712E+6,"2018"
845,2.66198E+7,8.5244E+6,"2019"
845,2.75337E+7,9.28285E+6,"2020"
845,2.94124E+7,6.83496E+6,"2021"
846,4.05334E+7,1.29912E+7,"2016"
846,4.16333E+7,1.19021E+7,"2017"
846,4.29162E+7,1.14358E+7,"2018"
846,4.34892E+7,1.06863E+7,"2019"
846,4.49812E+7,1.17661E+7,"2020"
846,4.81498E+7,7.02898E+6,"2021"
864,4.1827E+6,541102,"2016"
864,4.27548E+6,341969,"2017"
864,4.34233E+6,193020,"2018"
864,4.36918E+6,52542.7,"2019"
864,4.44316E+6,109658,"2020"
864,4.55774E+6,-738231,"2021"
879,2.32756E+6,810630,"2016"
879,2.35961E+6,732579,"2017"
879,2.41061E+6,696361,"2018"
879,2.51514E+6,759542,"2019"
879,2.5674E+6,858244,"2020"
879,2.59342E+6,487895,"2021"
880,3.6424E+6,1.2644E+6,"2016"
880,3.72031E+6,1.15774E+6,"2017"
880,3.88462E+6,1.19332E+6,"2018"
880,3.9664E+6,1.21614E+6,"2019"
880,4.06922E+6,1.42376E+6,"2020"
880,4.18976E+6,860926,"2021"
893,4.73E+7,2.23579E+7,"2016"
893,5.0024E+7,2.28854E+7,"2017"
893,5.2503E+7,2.37113E+7,"2018"
893,5.4751E+7,2.5214E+7,"2019"
893,5.78628E+7,2.85548E+7,"2020"
893,5.9795E+7,2.27069E+7,"2021"
896,3.776E+7,1.37888E+7,"2016"
896,3.9107E+7,1.28248E+7,"2017"
896,4.1225E+7,1.323E+7,"2018"
896,4.3398E+7,1.46342E+7,"2019"
896,4.5725E+7,1.71577E+7,"2020"
896,4.6476E+7,1.04365E+7,"2021"
932,1.00117E+7,4.1606E+6,"2016"
932,1.07862E+7,4.01966E+6,"2017"
932,1.09891E+7,4.58614E+6,"2018"
932,1.19647E+7,4.5576E+6,"2019"
932,1.22784E+7,3.97351E+6,"2020"
932,1.2945E+7,3.4614E+6,"2021"
954,6.897E+7,2.55094E+7,"2016"
954,7.35013E+7,2.64895E+7,"2017"
954,8.10443E+7,3.07008E+7,"2018"
954,8.46434E+7,3.37862E+7,"2019"
954,8.64903E+7,3.50341E+7,"2020"
954,8.75694E+7,2.42373E+7,"2021"
955,1.62722E+7,5.29183E+6,"2016"
955,1.69999E+7,5.19281E+6,"2017"
955,1.84449E+7,6.04689E+6,"2018"
955,1.88955E+7,6.66765E+6,"2019"
955,1.87731E+7,6.7456E+6,"2020"
955,1.85468E+7,4.06518E+6,"2021"
989,2.9744E+6,1.00461E+6,"2016"
989,2.98319E+6,953542,"2017"
989,2.87019E+6,833929,"2018"
989,2.86801E+6,938836,"2019"
989,2.8668E+6,1.11814E+6,"2020"
989,2.91423E+6,881683,"2021"
990,3.85949E+6,866731,"2016"
990,3.81888E+6,852942,"2017"
990,3.82024E+6,892339,"2018"
990,3.79145E+6,961637,"2019"
990,3.77386E+6,1.17256E+6,"2020"
990,3.78575E+6,778187,"2021"
1004,2.61144E+7,8.1195E+6,"2016"
1004,2.64845E+7,6.38393E+6,"2017"
1004,2.71011E+7,5.54759E+6,"2018"
1004,2.79697E+7,5.52878E+6,"2019"
1004,2.86269E+7,5.99546E+6,"2020"
1004,3.28581E+7,4.27045E+6,"2021"
1005,1.11113E+7,4.01317E+6,"2016"
1005,9.269E+6,1.35012E+6,"2017"
1005,9.5528E+6,1.0659E+6,"2018"
1005,9.90915E+6,1.0646E+6,"2019"
1005,1.02916E+7,1.31811E+6,"2020"
1005,1.217E+7,771894,"2021"
1012,2.3622E+7,1.23989E+7,"2016"
1012,1.99035E+7,7.41791E+6,"2017"
1012,1.46795E+7,1.38607E+6,"2018"
1012,1.51791E+7,1.40685E+6,"2019"
1012,1.51838E+7,1.32815E+6,"2020"
1012,1.75216E+7,81529,"2021"
1014,4.32768E+7,2.38524E+7,"2016"
1014,4.12199E+7,1.99618E+7,"2017"
1014,2.8643E+7,6.28094E+6,"2018"
1014,2.92501E+7,6.37402E+6,"2019"
1014,3.01331E+7,7.38813E+6,"2020"
1014,3.27381E+7,4.3763E+6,"2021"
1279,1.59257E+6,632904,"2016"
1279,1.61121E+6,578959,"2017"
1279,1.67619E+6,605621,"2018"
1279,1.69172E+6,611177,"2019"
1279,1.69124E+6,653623,"2020"
1279,1.72962E+6,434557,"2021"
1281,4.19975E+7,1.78625E+7,"2016"
1281,4.31665E+7,1.66234E+7,"2017"
1281,4.43962E+7,1.6633E+7,"2018"
1281,4.57986E+7,1.7592E+7,"2019"
1281,4.71862E+7,1.93588E+7,"2020"
1281,4.9997E+7,1.47804E+7,"2021"
1285,4.17446E+7,7.44065E+6,"2016"
1285,4.45018E+7,7.22152E+6,"2017"
1285,4.6702E+7,7.44246E+6,"2018"
1285,4.79738E+7,7.38007E+6,"2019"
1285,4.9641E+7,8.93072E+6,"2020"
1285,5.28343E+7,2.21378E+6,"2021"
1286,4.80967E+6,802335,"2016"
1286,5.20937E+6,762951,"2017"
1286,5.54248E+6,772712,"2018"
1286,5.80948E+6,790961,"2019"
1286,6.0894E+6,970557,"2020"
1286,6.56085E+6,107692,"2021"
1287,1.27512E+7,4.642E+6,"2016"
1287,1.31523E+7,5.20692E+6,"2017"
1287,1.36128E+7,5.57826E+6,"2018"
1287,1.39576E+7,6.04116E+6,"2019"
1287,1.42584E+7,6.34758E+6,"2020"
1287,1.51106E+7,5.59072E+6,"2021"
1288,3.76173E+6,1.76966E+6,"2016"
1288,3.80244E+6,1.63267E+6,"2017"
1288,3.98184E+6,1.66731E+6,"2018"
1288,4.03737E+6,1.61411E+6,"2019"
1288,4.0921E+6,1.7305E+6,"2020"
1288,4.34407E+6,1.34015E+6,"2021"
1301,625656,163632,"2016"
1301,719981,213283,"2017"
1301,756872,216479,"2018"
1301,787889,235623,"2019"
1301,821693,296969,"2020"
1301,852725,183179,"2021"
1302,1.20262E+6,429829,"2016"
1302,1.16335E+6,336004,"2017"
1302,1.20404E+6,324542,"2018"
1302,1.25543E+6,364204,"2019"
1302,1.29344E+6,419101,"2020"
1302,1.34174E+6,308100,"2021"
1303,1.26859E+6,244981,"2016"
1303,1.31445E+6,222148,"2017"
1303,1.35751E+6,205852,"2018"
1303,1.39617E+6,226899,"2019"
1303,1.4214E+6,323563,"2020"
1303,1.46701E+6,126343,"2021"
1311,1.08932E+6,380079,"2016"
1311,1.05865E+6,282073,"2017"
1311,1.01091E+6,214752,"2018"
1311,1.11162E+6,326872,"2019"
1311,1.15838E+6,359733,"2020"
1311,1.15696E+6,225308,"2021"
1312,591502,93914.1,"2016"
1312,564773,57598.4,"2017"
1312,580331,62023.1,"2018"
1312,608027,69704.1,"2019"
1312,618092,75652.8,"2020"
1312,626098,-8287.33,"2021"
1313,974143,209242,"2016"
1313,990630,173715,"2017"
1313,996543,169188,"2018"
1313,1.01545E+6,217677,"2019"
1313,1.08413E+6,283834,"2020"
1313,1.09469E+6,173898,"2021"
1327,900948,269505,"2016"
1327,989537,303735,"2017"
1327,1.00297E+6,400207,"2018"
1327,994023,331937,"2019"
1327,1.00328E+6,309044,"2020"
1327,1.00218E+6,248679,"2021"
1328,1.26586E+6,415682,"2016"
1328,1.67312E+6,759040,"2017"
1328,1.65835E+6,838902,"2018"
1328,1.2713E+6,378255,"2019"
1328,1.27846E+6,363687,"2020"
1328,1.26944E+6,296612,"2021"
1329,6.73615E+6,1.70335E+6,"2016"
1329,7.42015E+6,1.94763E+6,"2017"
1329,7.86714E+6,2.08714E+6,"2018"
1329,7.99362E+6,2.09031E+6,"2019"
1329,8.48368E+6,2.63821E+6,"2020"
1329,1.25166E+7,5.30658E+6,"2021"
1330,5.48367E+6,1.82684E+6,"2016"
1330,5.63684E+6,1.68608E+6,"2017"
1330,6.00443E+6,1.85611E+6,"2018"
1330,6.14856E+6,1.92827E+6,"2019"
1330,6.4173E+6,2.24946E+6,"2020"
1330,6.77338E+6,1.65654E+6,"2021"
1421,1.12073E+7,1.50871E+6,"2016"
1421,1.24661E+7,1.58928E+6,"2017"
1421,1.30013E+7,1.36499E+6,"2018"
1421,1.34357E+7,1.22076E+6,"2019"
1421,1.38492E+7,1.56346E+6,"2020"
1421,1.42795E+7,-1.41306E+6,"2021"
1427,1.31638E+6,679996,"2016"
1427,1.3618E+6,638290,"2017"
1427,1.44256E+6,748347,"2018"
1427,1.55355E+6,752675,"2019"
1427,1.60386E+6,734946,"2020"
1427,1.65056E+6,605089,"2021"
1428,443535,203710,"2016"
1428,449187,194655,"2017"
1428,479147,242447,"2018"
1428,503562,248102,"2019"
1428,504032,232164,"2020"
1428,504032,232164,"2021"
1443,1.86646E+6,677960,"2016"
1443,2.10012E+6,866938,"2017"
1443,2.18676E+6,893070,"2018"
1443,2.2407E+6,945236,"2019"
1443,2.31455E+6,936166,"2020"
1443,2.43385E+6,800105,"2021"
1447,1.27519E+7,5.3176E+6,"2016"
1447,1.3172E+7,4.91799E+6,"2017"
1447,1.36521E+7,4.8152E+6,"2018"
1447,1.39824E+7,4.81166E+6,"2019"
1447,1.54935E+7,6.39615E+6,"2020"
1447,1.59558E+7,4.43192E+6,"2021"
1449,321888,129958,"2016"
1449,344418,125140,"2017"
1449,355948,152004,"2018"
1449,370984,138195,"2019"
1449,413911,153981,"2020"
1449,426344,139081,"2021"
1453,4.94022E+7,2.54174E+7,"2016"
1453,4.74107E+7,2.1563E+7,"2017"
1453,4.67976E+7,1.9699E+7,"2018"
1453,4.61643E+7,1.83719E+7,"2019"
1453,4.66378E+7,1.92257E+7,"2020"
1453,4.69727E+7,1.34294E+7,"2021"
1455,8.57699E+7,5.90078E+7,"2016"
1455,7.73883E+7,4.8924E+7,"2017"
1455,7.28662E+7,4.33938E+7,"2018"
1455,7.10042E+7,4.11563E+7,"2019"
1455,6.7705E+7,3.86596E+7,"2020"
1455,6.93101E+7,3.36023E+7,"2021"
1457,1.01747E+8,7.90289E+7,"2016"
1457,9.07264E+7,6.76702E+7,"2017"
1457,8.67975E+7,6.38064E+7,"2018"
1457,8.42158E+7,6.15191E+7,"2019"
1457,8.75227E+7,6.59935E+7,"2020"
1457,7.46991E+7,4.8166E+7,"2021"
1468,212426,108222,"2016"
1468,220192,101324,"2017"
1468,235028,123603,"2018"
1468,262232,132430,"2019"
1468,268306,121133,"2020"
1469,1.9986E+7,6.15938E+6,"2016"
1469,2.00681E+7,5.26923E+6,"2017"
1469,2.13826E+7,6.17216E+6,"2018"
1469,2.19892E+7,6.48168E+6,"2019"
1469,2.21406E+7,7.44865E+6,"2020"
1469,2.30611E+7,5.24718E+6,"2021"
1473,1.87293E+7,7.19643E+6,"2016"
1473,2.36228E+7,1.11135E+7,"2017"
1473,2.48616E+7,1.18913E+7,"2018"
1473,2.1122E+7,7.5773E+6,"2019"
1473,3.32851E+7,2.02659E+7,"2020"
1473,2.3449E+7,7.08747E+6,"2021"
1474,1.72304E+8,1.60503E+7,"2016"
1474,1.77401E+8,9.39622E+6,"2017"
1474,1.83401E+8,3.22744E+6,"2018"
1474,1.89803E+8,7.0853E+6,"2019"
1474,1.94596E+8,2.64806E+7,"2020"
1474,2.2068E+8,99574,"2021"
1475,3.03477E+7,2.96079E+6,"2016"
1475,3.16705E+7,2.07265E+6,"2017"
1475,3.29144E+7,1.01076E+6,"2018"
1475,3.41281E+7,1.67706E+6,"2019"
1475,3.5309E+7,5.34494E+6,"2020"
1475,4.12368E+7,1.73628E+6,"2021"
1476,1.08577E+8,1.07104E+6,"2016"
1476,1.14708E+8,-760099,"2017"
1476,1.18107E+8,-1.80826E+6,"2018"
1476,1.19879E+8,-2.59801E+6,"2019"
1476,1.23243E+8,2.76327E+6,"2020"
1476,1.30819E+8,-1.7329E+7,"2021"
1477,7.00008E+7,2.63712E+7,"2016"
1477,7.33234E+7,2.32277E+7,"2017"
1477,7.32439E+7,1.87115E+7,"2018"
1477,7.33468E+7,1.53566E+7,"2019"
1477,7.5116E+7,1.5797E+7,"2020"
1477,7.84185E+7,71173,"2021"
1479,7.98391E+7,2.42968E+7,"2016"
1479,8.24215E+7,2.07663E+7,"2017"
1479,8.32998E+7,1.76377E+7,"2018"
1479,8.60346E+7,1.75059E+7,"2019"
1479,8.98849E+7,1.99875E+7,"2020"
1479,9.20783E+7,6.16758E+6,"2021"
1480,1.97115E+7,8.81174E+6,"2016"
1480,2.03846E+7,8.29473E+6,"2017"
1480,2.10738E+7,7.80673E+6,"2018"
1480,2.2477E+7,8.13941E+6,"2019"
1480,2.33024E+7,8.21586E+6,"2020"
1480,2.41022E+7,5.19361E+6,"2021"
1481,4.8007E+6,1.38426E+6,"2016"
1481,5.07334E+6,973768,"2017"
1481,5.17429E+6,501384,"2018"
1481,5.26607E+6,274234,"2019"
1481,5.46014E+6,277251,"2020"
1481,5.77606E+6,-1.26818E+6,"2021"
1482,4.55079E+7,1.20253E+7,"2016"
1482,4.66629E+7,1.12394E+7,"2017"
1482,4.83792E+7,1.04203E+7,"2018"
1482,4.909E+7,8.97054E+6,"2019"
1482,5.13175E+7,1.00245E+7,"2020"
1482,5.33099E+7,2.01596E+6,"2021"
1484,7.24599E+7,9.19103E+6,"2016"
1484,7.56399E+7,7.93444E+6,"2017"
1484,8.03828E+7,9.95609E+6,"2018"
1484,8.33264E+7,1.0367E+7,"2019"
1484,8.6164E+7,1.2082E+7,"2020"
1484,9.10736E+7,4.6826E+6,"2021"
1485,2.4882E+7,2.12234E+6,"2016"
1485,2.62307E+7,1.52772E+6,"2017"
1485,2.83546E+7,2.37234E+6,"2018"
1485,2.98669E+7,2.73092E+6,"2019"
1485,3.13721E+7,3.57343E+6,"2020"
1485,3.41805E+7,1.5336E+6,"2021"
1523,737823,262703,"2016"
1523,729845,210081,"2017"
1523,727056,175164,"2018"
1523,878328,319460,"2019"
1523,1.24419E+6,686151,"2020"
1523,806628,130298,"2021"
1536,3.39657E+6,981670,"2016"
1536,4.35437E+6,1.62654E+6,"2017"
1536,4.67558E+6,1.7054E+6,"2018"
1536,4.26934E+6,1.17261E+6,"2019"
1536,6.3798E+6,3.22545E+6,"2020"
1536,4.99154E+6,1.04182E+6,"2021"
1539,3.58939E+6,1.46506E+6,"2016"
1539,3.73402E+6,1.37353E+6,"2017"
1539,3.86352E+6,1.33286E+6,"2018"
1539,3.99342E+6,1.37725E+6,"2019"
1539,4.18104E+6,1.5305E+6,"2020"
1539,4.33606E+6,1.05366E+6,"2021"
1541,96540.6,8478.41,"2016"
1541,107504,7555.25,"2017"
1541,113841,16095.2,"2018"
1541,117376,8455.39,"2019"
1541,124726,6429.95,"2020"
1541,130922,-1212.88,"2021"
1554,2.00163E+7,6.3339E+6,"2016"
1554,2.11011E+7,6.13745E+6,"2017"
1554,2.21037E+7,8.16264E+6,"2018"
1554,2.23731E+7,6.73653E+6,"2019"
1554,2.32282E+7,6.81709E+6,"2020"
1554,2.50243E+7,6.24742E+6,"2021"
1555,9.9818E+7,2.2708E+7,"2016"
1555,1.02274E+8,1.5688E+7,"2017"
1555,1.08264E+8,2.7388E+7,"2018"
1555,1.10887E+8,1.9765E+7,"2019"
1555,1.12833E+8,1.4808E+7,"2020"
1555,1.1791E+8,8.7E+6,"2021"
1557,1.97707E+7,7.31908E+6,"2016"
1557,1.95884E+7,5.97478E+6,"2017"
1557,1.99977E+7,5.72718E+6,"2018"
1557,2.05273E+7,5.98318E+6,"2019"
1557,2.10338E+7,6.61421E+6,"2020"
1557,2.15298E+7,3.68971E+6,"2021"
1559,1.00756E+8,3.3473E+7,"2016"
1559,9.61264E+7,2.37552E+7,"2017"
1559,9.69041E+7,2.19878E+7,"2018"
1559,9.78409E+7,2.21144E+7,"2019"
1559,9.86723E+7,2.41964E+7,"2020"
1559,1.04591E+8,1.27859E+7,"2021"
1561,2.21582E+6,564447,"2016"
1561,2.26174E+6,521353,"2017"
1561,2.35969E+6,597493,"2018"
1561,2.97011E+6,1.2499E+6,"2019"
1561,3.8194E+6,2.24319E+6,"2020"
1561,2.54314E+6,620821,"2021"
1562,3.47747E+6,1.22171E+6,"2016"
1562,3.7672E+6,1.25772E+6,"2017"
1562,3.84554E+6,1.12565E+6,"2018"
1562,3.89205E+6,1.05667E+6,"2019"
1562,4.10306E+6,1.23191E+6,"2020"
1562,4.17938E+6,658566,"2021"
1564,2.35482E+6,153144,"2016"
1564,2.40307E+6,7692,"2017"
1564,2.51581E+6,-47635,"2018"
1564,2.61247E+6,-6384,"2019"
1564,2.73616E+6,114845,"2020"
1564,2.81024E+6,-479716,"2021"
1565,2.21932E+7,8.37914E+6,"2016"
1565,2.16254E+7,6.63541E+6,"2017"
1565,2.21965E+7,6.05138E+6,"2018"
1565,2.32699E+7,6.618E+6,"2019"
1565,2.59793E+7,9.49023E+6,"2020"
1565,2.66076E+7,5.10883E+6,"2021"
1567,9.42781E+6,992231,"2016"
1567,9.45464E+6,540663,"2017"
1567,9.55599E+6,195043,"2018"
1567,9.72633E+6,133188,"2019"
1567,1.06146E+7,892163,"2020"
1567,1.07256E+7,-1.34216E+6,"2021"
1576,650296,1173.14,"2016"
1576,677115,25018.5,"2017"
1576,711681,27908.4,"2018"
1576,745829,9667.66,"2019"
1576,807738,47309.5,"2020"
1576,847278,96838.8,"2021"
1580,7.70944E+7,1.50123E+7,"2016"
1580,7.98517E+7,1.348E+7,"2017"
1580,8.44761E+7,1.51486E+7,"2018"
1580,8.75012E+7,1.72975E+7,"2019"
1580,9.01427E+7,2.18234E+7,"2020"
1580,9.62978E+7,1.19665E+7,"2021"
1590,3.39146E+6,3.37404E+6,"2016"
1600,9.93889E+7,4.95568E+7,"2016"
1600,1.02544E+8,4.93884E+7,"2017"
1600,1.04369E+8,4.8005E+7,"2018"
1600,1.05516E+8,4.67826E+7,"2019"
1600,1.07796E+8,4.9239E+7,"2020"
1600,1.13024E+8,4.10567E+7,"2021"
1601,4.56482E+7,1.92603E+7,"2016"
1601,4.66968E+7,1.72917E+7,"2017"
1601,4.7768E+7,2.0831E+7,"2018"
1601,4.92743E+7,1.8178E+7,"2019"
1601,5.22538E+7,1.7226E+7,"2020"
1601,5.29365E+7,1.27055E+7,"2021"
1614,466230,343009,"2016"
1614,491781,354463,"2017"
1614,500430,369517,"2018"
1614,490173,329617,"2019"
1614,499002,317594,"2020"
1614,517377,306366,"2021"
1615,424485,289118,"2016"
1615,452460,301859,"2017"
1615,459544,315414,"2018"
1615,460731,285863,"2019"
1615,467564,263395,"2020"
1615,553326,309536,"2021"
1616,362060,218826,"2016"
1616,379121,218567,"2017"
1616,387064,233514,"2018"
1681,1.08772E+7,6.51924E+6,"2016"
1681,1.11926E+7,6.31853E+6,"2017"
1681,1.11507E+7,6.16938E+6,"2018"
1681,1.17743E+7,6.08589E+6,"2019"
1681,1.19834E+7,6.2005E+6,"2020"
1681,1.19834E+7,6.2005E+6,"2021"
1803,1.09049E+7,5.10584E+6,"2016"
1803,1.15245E+7,5.40205E+6,"2017"
1803,1.17002E+7,5.42805E+6,"2018"
1803,1.1819E+7,5.45719E+6,"2019"
1803,1.17887E+7,5.46915E+6,"2020"
1803,1.18608E+7,4.13194E+6,"2021"
1804,1.7453E+6,387428,"2016"
1804,1.91746E+6,437165,"2017"
1804,1.99204E+6,431584,"2018"
1804,2.05238E+6,427242,"2019"
1804,2.1412E+6,477237,"2020"
1804,2.20654E+6,126988,"2021"
1815,1.31834E+6,985054,"2016"
1815,1.35E+6,1.00136E+6,"2017"
1815,1.37706E+6,1.01806E+6,"2018"
1815,1.40353E+6,1.03627E+6,"2019"
1815,1.62628E+6,1.26569E+6,"2020"
1815,1.67253E+6,1.23315E+6,"2021"
1835,6.41251E+6,2.53647E+6,"2016"
1835,7.01368E+6,2.73956E+6,"2017"
1835,7.40397E+6,2.83354E+6,"2018"
1835,7.68175E+6,2.86594E+6,"2019"
1835,8.04639E+6,3.31621E+6,"2020"
1835,8.68459E+6,2.57292E+6,"2021"
1836,4.53562E+7,2.13599E+7,"2016"
1836,4.82444E+7,2.25116E+7,"2017"
1836,4.88217E+7,2.24068E+7,"2018"
1836,5.00731E+7,2.28341E+7,"2019"
1836,5.18442E+7,2.55518E+7,"2020"
1836,5.51316E+7,2.16413E+7,"2021"
1838,54128,10294.6,"2016"
1838,55061.1,8078.37,"2017"
1838,58792.7,8699.69,"2018"
1838,60135.9,7183.92,"2019"
1838,61765.1,6537.68,"2020"
1838,63069,-5800.32,"2021"
1843,1.08513E+7,337790,"2016"
1843,1.1635E+7,-9075.1,"2017"
1843,1.22334E+7,-2332.23,"2018"
1843,1.24622E+7,-10597.3,"2019"
1843,1.2293E+7,-4342.98,"2020"
1843,1.38664E+7,-765829,"2021"
1845,448253,62796,"2016"
1845,466915,-2487,"2017"
1845,478543,37369,"2018"
1845,496706,-20793,"2019"
1845,520106,-49650,"2020"
1845,556380,-79552,"2021"
1847,3.26145E+7,2.167E+6,"2016"
1847,3.38453E+7,968048,"2017"
1847,3.51775E+7,1.5555E+6,"2018"
1853,70670,12623,"2016"
1853,67981,9197,"2017"
1853,66127,8733,"2018"
1853,64946,11386,"2019"
1853,62749,15036,"2020"
1853,60051,5443,"2021"
1859,2.90954E+6,221318,"2016"
1859,3.0091E+6,40844.2,"2017"
1859,3.19818E+6,81608,"2018"
1859,3.37751E+6,122525,"2019"
1859,3.48933E+6,216801,"2020"
1859,3.63259E+6,-572238,"2021"
1875,4.42226E+7,1.9757E+7,"2016"
1875,4.82364E+7,2.18646E+7,"2017"
1875,4.79443E+7,2.0191E+7,"2018"
1875,5.73364E+7,2.99852E+7,"2019"
1875,6.59369E+7,3.79907E+7,"2020"
1875,4.41837E+7,1.05754E+7,"2021"
1877,1.71797E+8,3.77885E+7,"2016"
1877,1.79337E+8,3.19746E+7,"2017"
1877,2.09611E+8,5.50424E+7,"2018"
1877,2.09961E+8,5.19831E+7,"2019"
1877,2.18974E+8,5.3558E+7,"2020"
1877,2.27273E+8,2.54665E+7,"2021"
1890,4.2918E+6,939759,"2016"
1890,4.37784E+6,765584,"2017"
1890,5.54796E+6,2.26565E+6,"2018"
1890,5.65873E+6,2.00064E+6,"2019"
1890,6.20986E+6,2.5031E+6,"2020"
1890,5.09436E+6,1.00115E+6,"2021"
1891,8.45028E+6,6.29962E+6,"2016"
1891,4.49735E+6,2.394E+6,"2017"
1891,4.50167E+6,2.45976E+6,"2018"
1891,4.73196E+6,2.6741E+6,"2019"
1891,5.12237E+6,3.17867E+6,"2020"
1902,6.62129E+6,2.54083E+6,"2016"
1902,6.50812E+6,2.05094E+6,"2017"
1902,6.74544E+6,1.25882E+6,"2018"
1902,6.92055E+6,1.2459E+6,"2019"
1902,7.08396E+6,1.51148E+6,"2020"
1902,7.34384E+6,206586,"2021"
1903,4.62965E+6,899984,"2016"
1903,4.67368E+6,648591,"2017"
1903,4.81505E+6,644700,"2018"
1903,4.92881E+6,691117,"2019"
1903,5.08471E+6,981781,"2020"
1903,4.96576E+6,-291003,"2021"
1904,5.03439E+6,2.63437E+6,"2016"
1904,4.95951E+6,2.35685E+6,"2017"
1904,5.11336E+6,2.1245E+6,"2018"
1904,5.23613E+6,2.13513E+6,"2019"
1904,5.33286E+6,2.45108E+6,"2020"
1904,5.44006E+6,1.57298E+6,"2021"
1915,3.59138E+6,1.29169E+6,"2016"
1915,3.79782E+6,1.14739E+6,"2017"
1915,3.98956E+6,1.52818E+6,"2018"
1915,4.48788E+6,1.55985E+6,"2019"
1915,4.70122E+6,1.50167E+6,"2020"
1915,5.03204E+6,1.4669E+6,"2021"
1916,977723,148113,"2016"
1916,1.0388E+6,85002.6,"2017"
1916,1.10722E+6,198103,"2018"
1916,1.15602E+6,126132,"2019"
1916,1.23243E+6,70406.9,"2020"
1916,1.31538E+6,11832.3,"2021"
1917,1.10619E+6,420169,"2016"
1917,1.18959E+6,420116,"2017"
1917,1.90495E+6,1.18643E+6,"2018"
1917,2.17517E+6,1.31733E+6,"2019"
1917,1.54415E+6,605927,"2020"
1917,1.62519E+6,544453,"2021"
1933,2.65018E+7,3.88304E+6,"2016"
1933,2.80886E+7,2.88349E+6,"2017"
1933,2.91229E+7,4.45689E+6,"2018"
1933,3.03518E+7,2.71589E+6,"2019"
1933,3.17639E+7,1.28579E+6,"2020"
1933,3.35668E+7,-1.50174E+6,"2021"
1935,3.79488E+6,618335,"2016"
1935,4.0852E+6,508686,"2017"
1935,4.25825E+6,730178,"2018"
1935,4.46042E+6,476229,"2019"
1935,4.69418E+6,271667,"2020"
1935,4.92553E+6,-179859,"2021"
1942,2.27159E+6,661938,"2016"
1942,2.42878E+6,680337,"2017"
1942,2.60856E+6,767059,"2018"
1942,2.75081E+6,841341,"2019"
1942,3.07025E+6,1.11119E+6,"2020"
1942,3.25505E+6,829828,"2021"
1943,2.93042E+6,1.30952E+6,"2016"
1943,3.22096E+6,1.4824E+6,"2017"
1943,3.34308E+6,1.51071E+6,"2018"
1943,3.46511E+6,1.56062E+6,"2019"
1943,3.90262E+6,1.95113E+6,"2020"
1943,4.11828E+6,1.69549E+6,"2021"
1944,675711,128696,"2016"
1944,740666,121156,"2017"
1944,808525,140676,"2018"
1944,882958,173492,"2019"
1944,993027,252974,"2020"
1944,1.07322E+6,147184,"2021"
1945,229880,68164.4,"2016"
1945,245943,89153.9,"2017"
1945,264696,75686,"2018"
1945,274171,79457.9,"2019"
1945,278151,83437.7,"2020"
1945,293171,98583,"2021"
1952,8.7958E+7,2.40038E+7,"2016"
1952,9.05989E+7,2.04393E+7,"2017"
1952,9.31231E+7,1.93685E+7,"2018"
1952,9.92999E+7,2.2428E+7,"2019"
1952,1.02466E+8,2.60127E+7,"2020"
1952,1.0743E+8,1.21418E+7,"2021"
1959,1.94046E+6,441754,"2016"
1959,2.03369E+6,388426,"2017"
1959,2.12585E+6,365947,"2018"
1959,2.20943E+6,395697,"2019"
1959,2.29406E+6,531954,"2020"
1959,2.44219E+6,277163,"2021"
1960,2.9371E+6,829513,"2016"
1960,3.09431E+6,790028,"2017"
1960,3.23844E+6,792156,"2018"
1960,3.40634E+6,884899,"2019"
1960,3.54396E+6,950573,"2020"
1960,3.71021E+6,438056,"2021"
1961,5.11642E+6,1.52634E+6,"2016"
1961,5.36773E+6,1.61835E+6,"2017"
1961,5.59122E+6,1.6503E+6,"2018"
1961,5.79168E+6,1.69004E+6,"2019"
1961,5.96107E+6,1.819E+6,"2020"
1961,6.32981E+6,1.18358E+6,"2021"
1962,1.56052E+6,290128,"2016"
1962,1.64067E+6,274825,"2017"
1962,1.71329E+6,277372,"2018"
1962,1.78042E+6,296742,"2019"
1962,1.85159E+6,451022,"2020"
1962,2.00474E+6,196549,"2021"
1979,4.87081E+6,656767,"2016"
1979,5.35704E+6,493475,"2017"
1979,5.7196E+6,299062,"2018"
1979,6.35284E+6,234498,"2019"
1979,7.04338E+6,531964,"2020"
1979,7.58624E+6,-1.0737E+6,"2021"
1981,3.55175E+7,5.03492E+6,"2016"
1981,3.84753E+7,3.47452E+6,"2017"
1981,4.03927E+7,1.70741E+6,"2018"
1981,4.35032E+7,971340,"2019"
1981,4.60305E+7,1.27894E+6,"2020"
1981,4.90957E+7,-9.96161E+6,"2021"
1985,1.21722E+7,1.3733E+6,"2016"
1985,1.34465E+7,922943,"2017"
1985,1.44227E+7,450114,"2018"
1985,1.65452E+7,602534,"2019"
1985,1.8559E+7,1.53598E+6,"2020"
1985,2.00327E+7,-2.74881E+6,"2021"
1987,9.62899E+6,-581630,"2016"
1987,1.03885E+7,-1.38768E+6,"2017"
1987,1.09753E+7,-2.03022E+6,"2018"
1987,1.19218E+7,-2.31669E+6,"2019"
1987,1.28864E+7,-2.03985E+6,"2020"
1987,1.38283E+7,-5.80841E+6,"2021"
1996,3.79355E+6,1.30505E+6,"2016"
1996,3.96004E+6,1.10717E+6,"2017"
1996,4.23668E+6,1.51924E+6,"2018"
1996,4.4067E+6,1.25684E+6,"2019"
1996,4.62047E+6,979014,"2020"
1996,4.9634E+6,828623,"2021"
2006,1.06529E+7,4.10983E+6,"2016"
2006,1.07454E+7,3.45497E+6,"2017"
2006,1.08429E+7,3.12226E+6,"2018"
2006,1.08739E+7,2.97517E+6,"2019"
2006,1.10653E+7,3.22094E+6,"2020"
2006,1.14776E+7,1.56278E+6,"2021"
2013,6.61659E+6,919118,"2016"
2013,6.81674E+6,431645,"2017"
2013,7.02781E+6,258252,"2018"
2013,7.14047E+6,215013,"2019"
2013,7.43192E+6,528671,"2020"
2013,7.92795E+6,-877936,"2021"
2024,201523,186537,"2016"
2024,190447,172730,"2017"
2024,191791,171729,"2018"
2024,218421,196187,"2019"
2024,227357,201353,"2020"
2024,219423,186010,"2021"
2063,9.34043E+7,824200,"2016"
2063,1.01427E+8,-2.9691E+6,"2017"
2063,1.00295E+8,3.5577E+6,"2018"
2063,1.08868E+8,3.2245E+6,"2019"
2063,1.18723E+8,6.24313E+6,"2020"
2064,2.25631E+6,584626,"2016"
2064,2.30785E+6,521440,"2017"
2064,2.29306E+6,674844,"2018"
2064,2.32034E+6,581707,"2019"
2064,2.30525E+6,512334,"2020"
2064,2.30122E+6,330850,"2021"
2066,5.31276E+6,426094,"2016"
2066,5.75907E+6,362544,"2017"
2066,6.28976E+6,1.33888E+6,"2018"
2066,6.55065E+6,993574,"2019"
2066,6.74235E+6,1.09262E+6,"2020"
2066,6.88109E+6,449735,"2021"
2067,9.096E+6,2.4175E+6,"2016"
2067,9.63787E+6,2.27934E+6,"2017"
2067,9.87666E+6,3.04529E+6,"2018"
2067,1.01405E+7,2.34993E+6,"2019"
2067,1.04676E+7,2.17336E+6,"2020"
2067,1.09146E+7,1.52472E+6,"2021"
3215,2.3232E+7,1.28332E+7,"2016"
3215,2.3651E+7,1.25813E+7,"2017"
3215,2.01465E+7,1.09828E+7,"2018"
3215,2.03696E+7,1.04864E+7,"2019"
3215,2.0372E+7,1.03855E+7,"2020"
3215,2.18559E+7,8.79364E+6,"2021"
3228,247947,65154.8,"2016"
3228,251812,54079,"2017"
3228,256990,73592.4,"2018"
3228,267903,61189,"2019"
3228,270619,43864,"2020"
3228,286882,42237.4,"2021"
4063742,2.88974E+6,531331,"2016"
4063742,3.01666E+6,409437,"2017"
4063742,3.08986E+6,273677,"2018"
4063742,3.25882E+6,305600,"2019"
4063742,3.40974E+6,397313,"2020"
4063742,3.71902E+6,-32136.2,"2021"
4063743,2.2138E+6,1.35375E+6,"2016"
4063743,2.16374E+6,1.23975E+6,"2017"
4063743,2.14992E+6,1.1831E+6,"2018"
4063743,2.60936E+6,1.66573E+6,"2019"
4063743,2.86246E+6,1.91513E+6,"2020"
4063743,2.9984E+6,1.88235E+6,"2021"
4063748,545797,37126.6,"2016"
4063748,583454,41705.9,"2017"
4063748,604308,34136.8,"2018"
4063752,631716,506289,"2016"
4063752,618589,494713,"2017"
4063752,590136,450740,"2018"
4063752,524525,369413,"2019"
4063752,515220,346224,"2020"
4063752,506668,324860,"2021"
